{
  "parent": "minecraft:item/generated",
  "textures": {
    "layer0": "minecraft:item/barrier"
  },
    "display": {
        "thirdperson_righthand": {
			"rotation": [ 0, 0, 0 ],
			"translation": [ 0, 0, 0 ],
			"scale": [ 0, 0, 0 ]
        },
        "thirdperson_lefthand": {
			"rotation": [ 0, 0, 0 ],
			"translation": [ 0, 0, 0 ],
			"scale": [ 0, 0, 0 ]
        },
        "firstperson_righthand": {
            "rotation": [ 0, 0, 0 ],
            "translation": [ 20, 3.5, -18 ],
            "scale": [ 0.0, 0.0, 0 ]
        },
        "firstperson_lefthand": {
            "rotation": [ 0, 0, 0 ],
            "translation": [ -39, 21.5, -18 ],
            "scale": [ 0.0, 0.0, 0 ]
        },
	    "ground": {
			"rotation": [ 0, 0, 0 ],
			"translation": [ 0, 0, 0 ],
			"scale": [ 0, 0, 0 ]
		},
        "gui": {
            "rotation": [ 0, 0, 0 ],
            "translation": [ 0, 0, 0 ],
            "scale": [ 1, 1, 1 ]
        }
    }
}