{
    "parent": "item/handheld_rod",
    "textures": {
        "layer0": "item/carrot_on_a_stick"
    },
    "overrides": [
		{"predicate": {"custom_model_data": 1},"model": "item/exit_cam"},
		{"predicate": {"custom_model_data": 2},"model": "item/report"},
		{"predicate": {"custom_model_data": 3},"model": "item/kill"},
		{"predicate": {"custom_model_data": 4},"model": "item/steve"},
		{"predicate": {"custom_model_data": 5},"model": "item/vent"},
		{"predicate": {"custom_model_data": 6},"model": "item/move_arrow"},
		{"predicate": {"custom_model_data": 7},"model": "item/occupied"},
		{"predicate": {"custom_model_data": 8},"model": "item/occupied_fake"},
		{"predicate": {"custom_model_data": 9},"model": "item/sabotage_o2"},
		{"predicate": {"custom_model_data": 10},"model": "item/sabotage_reactor"},
		{"predicate": {"custom_model_data": 11},"model": "item/sabotage_comms"},
		{"predicate": {"custom_model_data": 12},"model": "item/sabotage_lights"},
		{"predicate": {"custom_model_data": 13},"model": "item/sabotage_doors"},
		{"predicate": {"custom_model_data": 14},"model": "item/task"},
		{"predicate": {"custom_model_data": 15},"model": "item/location1"},
		{"predicate": {"custom_model_data": 16},"model": "item/location2"},
		{"predicate": {"custom_model_data": 17},"model": "item/location3"},
		{"predicate": {"custom_model_data": 18},"model": "item/location4"},
		{"predicate": {"custom_model_data": 19},"model": "item/location5"},
		{"predicate": {"custom_model_data": 20},"model": "item/location6"},
		{"predicate": {"custom_model_data": 21},"model": "item/location7"},
		{"predicate": {"custom_model_data": 22},"model": "item/location8"},
		{"predicate": {"custom_model_data": 23},"model": "item/location9"},
		{"predicate": {"custom_model_data": 24},"model": "item/location10"},
		{"predicate": {"custom_model_data": 25},"model": "item/location11"},
		{"predicate": {"custom_model_data": 26},"model": "item/location12"},
		{"predicate": {"custom_model_data": 27},"model": "item/location13"},
		{"predicate": {"custom_model_data": 28},"model": "item/location14"},
		{"predicate": {"custom_model_data": 29},"model": "item/map124"},
		{"predicate": {"custom_model_data": 30},"model": "item/sprite"},
		{"predicate": {"custom_model_data": 31},"model": "item/start_button"},
		{"predicate": {"custom_model_data": 32},"model": "item/alert"},
		{"predicate": {"custom_model_data": 33},"model": "item/artwork"},
		{"predicate": {"custom_model_data": 34},"model": "item/seat"}
	]
}