{
	"credit": "Made with Blockbench",
	"texture_size": [64, 64],
	"textures": {
		"0": "item/seat"
	},
	"elements": [
		{
			"from": [6.5, 17.94732, -6.93871],
			"to": [9.5, 17.94732, -2.43872],
			"rotation": {"angle": -45, "axis": "x", "origin": [8, 17.94732, 5.06129]},
			"faces": {
				"north": {"uv": [5.5, 4.5, 6, 4.5], "texture": "#0"},
				"east": {"uv": [4.75, 4.5, 5.5, 4.5], "texture": "#0"},
				"south": {"uv": [6.75, 4.5, 7.25, 4.5], "texture": "#0"},
				"west": {"uv": [6, 4.5, 6.75, 4.5], "texture": "#0"},
				"up": {"uv": [6, 4.5, 5.5, 3.75], "texture": "#0"},
				"down": {"uv": [6.5, 3.75, 6, 4.5], "texture": "#0"}
			}
		},
		{
			"from": [9.5, 17.94732, -3.93871],
			"to": [11, 17.94732, -0.93871],
			"rotation": {"angle": -45, "axis": "x", "origin": [8, 17.94732, 5.06129]},
			"faces": {
				"north": {"uv": [0.5, 1, 0.75, 1], "texture": "#0"},
				"east": {"uv": [0, 1, 0.5, 1], "texture": "#0"},
				"south": {"uv": [1.25, 1, 1.5, 1], "texture": "#0"},
				"west": {"uv": [0.75, 1, 1.25, 1], "texture": "#0"},
				"up": {"uv": [0.75, 1, 0.5, 0.5], "texture": "#0"},
				"down": {"uv": [1, 0.5, 0.75, 1], "texture": "#0"}
			}
		},
		{
			"from": [5, 17.94732, -3.93871],
			"to": [6.5, 17.94732, -0.93871],
			"rotation": {"angle": -45, "axis": "x", "origin": [8, 17.94732, 5.06129]},
			"faces": {
				"north": {"uv": [0.5, 0.5, 0.75, 0.5], "texture": "#0"},
				"east": {"uv": [0, 0.5, 0.5, 0.5], "texture": "#0"},
				"south": {"uv": [1.25, 0.5, 1.5, 0.5], "texture": "#0"},
				"west": {"uv": [0.75, 0.5, 1.25, 0.5], "texture": "#0"},
				"up": {"uv": [0.75, 0.5, 0.5, 0], "texture": "#0"},
				"down": {"uv": [1, 0, 0.75, 0.5], "texture": "#0"}
			}
		},
		{
			"from": [2, 19.59732, -3.93871],
			"to": [5, 19.59732, 7.16129],
			"rotation": {"angle": -45, "axis": "x", "origin": [5, 19.59732, 6.56129]},
			"faces": {
				"north": {"uv": [5.5, 3.75, 6, 3.75], "texture": "#0"},
				"east": {"uv": [3.75, 3.75, 5.5, 3.75], "texture": "#0"},
				"south": {"uv": [7.75, 3.75, 8.25, 3.75], "texture": "#0"},
				"west": {"uv": [6, 3.75, 7.75, 3.75], "texture": "#0"},
				"up": {"uv": [6, 3.75, 5.5, 2], "texture": "#0"},
				"down": {"uv": [6.5, 2, 6, 3.75], "texture": "#0"}
			}
		},
		{
			"from": [11, 19.59732, -3.93871],
			"to": [14, 19.59732, 7.16129],
			"rotation": {"angle": -45, "axis": "x", "origin": [11, 19.59732, 6.56129]},
			"faces": {
				"north": {"uv": [6.5, 3.75, 7, 3.75], "texture": "#0"},
				"east": {"uv": [4.75, 3.75, 6.5, 3.75], "texture": "#0"},
				"south": {"uv": [8.75, 3.75, 9.25, 3.75], "texture": "#0"},
				"west": {"uv": [7, 3.75, 8.75, 3.75], "texture": "#0"},
				"up": {"uv": [7, 3.75, 6.5, 2], "texture": "#0"},
				"down": {"uv": [7.5, 2, 7, 3.75], "texture": "#0"}
			}
		},
		{
			"from": [11, 20.09592, 7.11746],
			"to": [14, 20.09592, 11.61746],
			"rotation": {"angle": 0, "axis": "y", "origin": [11, 20.09592, 7.11746]},
			"faces": {
				"north": {"uv": [5.5, 1.5, 6, 1.5], "texture": "#0"},
				"east": {"uv": [4.75, 1.5, 5.5, 1.5], "texture": "#0"},
				"south": {"uv": [6.75, 1.5, 7.25, 1.5], "texture": "#0"},
				"west": {"uv": [6, 1.5, 6.75, 1.5], "texture": "#0"},
				"up": {"uv": [6, 1.5, 5.5, 0.75], "texture": "#0"},
				"down": {"uv": [6.5, 0.75, 6, 1.5], "texture": "#0"}
			}
		},
		{
			"from": [2, 20.09442, 7.11746],
			"to": [5, 20.09442, 11.61746],
			"rotation": {"angle": 0, "axis": "y", "origin": [-5.5, 20.09442, 7.11746]},
			"faces": {
				"north": {"uv": [5.5, 0.75, 6, 0.75], "texture": "#0"},
				"east": {"uv": [4.75, 0.75, 5.5, 0.75], "texture": "#0"},
				"south": {"uv": [6.75, 0.75, 7.25, 0.75], "texture": "#0"},
				"west": {"uv": [6, 0.75, 6.75, 0.75], "texture": "#0"},
				"up": {"uv": [6, 0.75, 5.5, 0], "texture": "#0"},
				"down": {"uv": [6.5, 0, 6, 0.75], "texture": "#0"}
			}
		},
		{
			"from": [6.5, 4.94292, -1.38141],
			"to": [9.5, 7.94292, -1.38141],
			"rotation": {"angle": 0, "axis": "y", "origin": [8, 4.94292, -2.88141]},
			"faces": {
				"north": {"uv": [0, 1, 0.5, 1.5], "texture": "#0"},
				"east": {"uv": [0, 1, 0, 1.5], "texture": "#0"},
				"south": {"uv": [0.5, 1, 1, 1.5], "texture": "#0"},
				"west": {"uv": [0.5, 1, 0.5, 1.5], "texture": "#0"},
				"up": {"uv": [0.5, 1, 0, 1], "texture": "#0"},
				"down": {"uv": [1, 1, 0.5, 1], "texture": "#0"}
			}
		},
		{
			"from": [3.65, 2.38316, 4.63368],
			"to": [12.35, 9.88316, 7.63368],
			"rotation": {"angle": -45, "axis": "x", "origin": [8, 2.38316, 7.63368]},
			"faces": {
				"north": {"uv": [4.5, 6.5, 5.75, 7.75], "texture": "#0"},
				"east": {"uv": [4, 6.5, 4.5, 7.75], "texture": "#0"},
				"south": {"uv": [6.25, 6.5, 7.5, 7.75], "texture": "#0"},
				"west": {"uv": [5.75, 6.5, 6.25, 7.75], "texture": "#0"},
				"up": {"uv": [5.75, 6.5, 4.5, 6], "texture": "#0"},
				"down": {"uv": [7, 6, 5.75, 6.5], "texture": "#0"}
			}
		},
		{
			"from": [3.5, 0.08502, 5.70531],
			"to": [12.5, 3.08502, 11.70531],
			"rotation": {"angle": 0, "axis": "y", "origin": [8, 0.08502, 5.70531]},
			"faces": {
				"north": {"uv": [5.5, 5.5, 7, 6], "texture": "#0"},
				"east": {"uv": [4.5, 5.5, 5.5, 6], "texture": "#0"},
				"south": {"uv": [8, 5.5, 9.5, 6], "texture": "#0"},
				"west": {"uv": [7, 5.5, 8, 6], "texture": "#0"},
				"up": {"uv": [7, 5.5, 5.5, 4.5], "texture": "#0"},
				"down": {"uv": [8.5, 4.5, 7, 5.5], "texture": "#0"}
			}
		},
		{
			"from": [2, 4.93316, 7.63368],
			"to": [14, 19.93316, 12.13368],
			"rotation": {"angle": 0, "axis": "y", "origin": [8, 3.43316, 7.63368]},
			"faces": {
				"north": {"uv": [0.75, 2.75, 2.75, 5.25], "texture": "#0"},
				"east": {"uv": [0, 2.75, 0.75, 5.25], "texture": "#0"},
				"south": {"uv": [3.5, 2.75, 5.5, 5.25], "texture": "#0"},
				"west": {"uv": [2.75, 2.75, 3.5, 5.25], "texture": "#0"},
				"up": {"uv": [2.75, 2.75, 0.75, 2], "texture": "#0"},
				"down": {"uv": [4.75, 2, 2.75, 2.75], "texture": "#0"}
			}
		},
		{
			"from": [2, 4.93316, -1.36632],
			"to": [14, 7.93316, 7.63368],
			"rotation": {"angle": 0, "axis": "y", "origin": [8, 3.43316, 3.13368]},
			"faces": {
				"north": {"uv": [1.5, 1.5, 3.5, 2], "texture": "#0"},
				"east": {"uv": [0, 1.5, 1.5, 2], "texture": "#0"},
				"south": {"uv": [5, 1.5, 7, 2], "texture": "#0"},
				"west": {"uv": [3.5, 1.5, 5, 2], "texture": "#0"},
				"up": {"uv": [3.5, 1.5, 1.5, 0], "texture": "#0"},
				"down": {"uv": [5.5, 0, 3.5, 1.5], "texture": "#0"}
			}
		},
		{
			"from": [3.5, 19.93316, 7.63368],
			"to": [12.5, 22.93316, 12.13368],
			"rotation": {"angle": 0, "axis": "y", "origin": [8, 21.43316, 7.63368]},
			"faces": {
				"north": {"uv": [0.75, 6, 2.25, 6.5], "texture": "#0"},
				"east": {"uv": [0, 6, 0.75, 6.5], "texture": "#0"},
				"south": {"uv": [3, 6, 4.5, 6.5], "texture": "#0"},
				"west": {"uv": [2.25, 6, 3, 6.5], "texture": "#0"},
				"up": {"uv": [2.25, 6, 0.75, 5.25], "texture": "#0"},
				"down": {"uv": [3.75, 5.25, 2.25, 6], "texture": "#0"}
			}
		}
	],
	"display": {
		"firstperson_righthand": {
			"rotation": [0, 45, 0],
			"scale": [0.4, 0.4, 0.4]
		},
		"ground": {
			"scale": [0.25, 0.25, 0.25]
		},
		"gui": {
			"rotation": [30, 45, 0],
			"scale": [0.64, 0.64, 0.64]
		},
		"head": {
			"translation": [0, -30.42, 0],
			"scale": [1.6, 1.6, 1.6]
		}
	},
	"groups": [
		{
			"name": "bone2",
			"origin": [0, 0, 0],
			"children": [
				{
					"name": "bone",
					"origin": [1, 15.86272, -0.67559],
					"children": [0, 1, 2, 3, 4]
				}, 5, 6, 7, 8, 9, 10, 11, 12]
		}
	]
}